编号	词	类别	频率	精确含义
001	造成	动作	基础	把后接效果施加到合法目标。
002	伤害	动作	基础	使目标失去生命；结算后才得到实际伤害数。
003	恢复	动作	基础	使目标恢复生命，不能超过生命上限；结算后才得到实际恢复数。
004	生命	动作	基础	指随从当前生命这一数值。
005	减伤	动作	基础	按已投入数值降低收到的伤害，可选择固定或比例分配。
006	增加	动作	基础	给后接可变数值加上所填数值；若目标是当前生命，统一按恢复生命事件结算。
007	减少	动作	基础	从后接可变数值减去所填数值，最低为零；若目标是当前生命，统一按伤害事件结算，照常受到减伤、首挡和伤害触发影响。
008	转为	动作	进阶	把一种即将结算的效果改写为另一种；原效果不再结算。
009	转移	动作	基础	把一件即将结算的伤害、治疗或状态效果从原接受者改道给明确指定的新接受者；原接受者不再承受，同一效果不会因转移被复制。数值和原来源保持不变。
010	施加	动作	基础	给目标施加后接状态或限时效果。
011	移除	动作	进阶	提前结束目标身上一项后接状态或限时效果。
012	复制	动作	奇术	另建一个效果实例；必须指明所复制的效果和新目标，实例独立结算。
013	自身	对象	基础	选择发动该技能的随从。
014	友方	对象	基础	将候选范围限定为本方。
015	敌方	对象	基础	将候选范围限定为对方。
016	随从	对象	基础	将目标限定为随从，包括暂时存活的五张底板角色。
017	技能	对象	进阶	引用已编好或本次已宣告的一个技能；仅用于读取与连接，不赋予修改他人技能的默认权限。
018	状态	对象	基础	引用当前附着在随从身上的一个状态。
019	来源	对象	基础	本次事件直接发生的来源随从或技能。
020	接受者	对象	基础	本次事件实际承受效果的随从。
021	最前	对象	基础	按本方公开位置选最前的合法目标。
022	最后	对象	基础	按本方公开位置选最后的合法目标。
023	最高生命	对象	基础	在候选范围中选当前生命最高者，并列用公开编号。
024	最低生命	对象	基础	在候选范围中选当前生命最低者，并列用公开编号。
025	另一个	对象	基础	选择与已引用目标不同的合法目标。
026	一个	范围	基础	在候选范围中指定一个合法目标。
027	全部	范围	进阶	覆盖后接对象集合中的每个合法成员；同一填入数值原样作用于每个成员。
028	随机	范围	基础	在合法候选中等概率选一个，种子在战斗中公开。
029	每个	范围	进阶	对候选集合逐个建立事件实例，实例各有来源与目标，各实例保留原数值。
030	相邻	范围	基础	把候选限制为公开位置相邻的随从。
031	限时效果	对象	基础	指一个公开存在、附着在目标随从或由该随从维持的限时效果；移除时必须明确选中其中一个。
032	一半	范围	基础	把所引用数值除以二，舍入规则由战斗公约统一确定。
033	双倍	范围	进阶	把所引用数值乘以二；只作用于明确引用的一项数值。
034	即将受到伤害	触发	基础	伤害完成改写与减伤前、尚未扣生命时发生；即使后来被转移、抵消或减到零，本次待结算事件也已出现。
035	剩余	范围	基础	引用同一预算或效果尚未使用的部分。
036	溢出	范围	进阶	引用超过生命上限或显式容量而未被实际接收的部分。
037	差值	范围	基础	取两个显式数值的非负差。
038	当	触发	基础	建立一个事件条件，仅在后接事件真正发生时执行后接效果。
039	受到伤害	触发	基础	目标的生命因伤害实际降低时发生；零伤害不触发。
040	造成伤害	触发	基础	来源使某目标因伤害实际失去生命时发生。
041	恢复生命	触发	基础	目标生命实际升高时发生；满血的无效治疗不触发。
042	失去生命	触发	基础	目标生命实际下降时发生；目前所有直接减少当前生命的词都统一产生伤害事件。
043	被选为目标	触发	基础	行动宣告锁定时目标被指定，随后是否命中不影响该事件。
044	发动技能	触发	基础	行动点支付成功、技能进入时间轴时发生。
045	技能命中	触发	基础	技能到达目标且效果进入结算时发生，不代表一定造成实际伤害。
046	状态施加	触发	进阶	一项状态成功附着时发生；被免疫而失败不触发。
047	状态结束	触发	进阶	状态因时间或移除结束时发生。
048	倒下	触发	进阶	随从当前生命首次降至零并进入修整时发生。
049	队友倒下	触发	进阶	来源同队的另一随从倒下时发生。
050	敌人倒下	触发	进阶	另一队的随从倒下时发生。
051	复出	触发	进阶	修整满一整轮的随从重新上场时发生。
052	回合结束	触发	基础	双方本轮20秒时间轴结算完后发生。
053	立即	时间	基础	在合法的当前时间点执行。
054	之前	时间	基础	把后接关系安排在引用事件之前，时间不能早于本轮起点。
055	之后	时间	基础	把后接关系安排在引用事件之后，时间不能晚于本轮终点。
056	同时	时间	基础	安排在相同时间刻；同刻次序由战斗公约统一确定。
057	下一次	时间	基础	只监听指定对象下一次合法事件，触发后结束。
058	第一次	时间	基础	只在本次有效期内的首次合法事件触发。
059	每次	时间	进阶	有效期内每次合法事件都触发，每次仍需通过因果链终止规则。
060	本轮	时间	基础	作用边界是当前一轮完整的20秒时间轴。
061	下轮	时间	进阶	作用从下一轮开始，到明确持续时间用完。
062	持续	时间	进阶	维持非伤害效果所填的1至20秒；时长数字占构筑预算与发动费。
063	间隔	时间	基础	设置分流各段之间的非负时间差，总安排不得超过20秒。
064	选择	结构	基础	由行动者在宣告时从合法候选里作一次选择。
065	目标	结构	基础	把后接对象绑定到本技能作用位置；宣告后锁定。
066	并	结构	基础	将两个已拥有的效果节点放在同一技能中，各自按原义和代价结算。
067	若	结构	基础	只有后接真假条件成立才执行指定分支。
068	否则	结构	基础	若所配条件不成立，执行另一明确分支。
069	分流	结构	进阶	把同一个已投入的数值分配到两条分支；不复制该数值。
070	接续	结构	进阶	读取前一效果实际结算的数值，作为后一效果的输入。
071	择一	结构	进阶	宣告时从两个完整合法分支中选一个，回应后不能更改。
072	重复	结构	奇术	明确再次执行某节点，每次再执行都支付该节点原本的发动数值。
073	直到	结构	进阶	以明确可观察条件为截止；仍受本轮20秒及因果链终止规则约束。
074	该次伤害	引用	基础	引用当前事件实际结算的伤害，未结算时只引用宣告值。
075	该次治疗	引用	基础	引用当前事件实际结算的治疗，未结算时只引用宣告值。
076	实际数值	引用	基础	读取目标效果已结算且实际产生的数值。
077	原始数值	引用	基础	读取目标效果在减伤、改写和生命上限前的宣告数值。
078	当前生命	引用	基础	读取某随从此时尚存的生命。
079	生命上限	引用	基础	读取随从构筑时分配的生命上限。
080	失去的生命	引用	基础	计算生命上限与当前生命之差。
081	可用行动点	引用	基础	读取这一方目前可花费的行动点，不能借此直接创造行动点。
082	支付的行动点	引用	进阶	读取某次已完成支付实际扣去的行动点。
083	已投入数字	引用	基础	读取本技能构筑时已分配、锁定的数字。
084	人数	引用	基础	读取明确目标集合中当前合法存活的随从数量。
085	次数	引用	基础	读取明确事件在本轮已发生的次数。
086	较高者	引用	基础	从两个显式数值中取较高者。
087	较低者	引用	基础	从两个显式数值中取较低者。
088	合计	引用	基础	把明示集合中的数值相加，每个事件实例只计一次。
089	已生效	引用	进阶	条件判断：一项明示状态或效果是否已经成功结算。
090	狂振	状态	进阶	状态：该随从造成与受到的伤害都增强；倍率待压测定值。
091	牵连	状态	进阶	状态：与指定同队随从分摊收到的伤害，先分后各自减伤。
092	升华	状态	进阶	状态：收到的治疗不回血，改为等量增强下一次造成的伤害。
093	免疫狂振	关键词	奇术	附着者不能被施加狂振；仍正常受到伤害。
094	免疫牵连	关键词	奇术	附着者不能被施加牵连；仍正常受到伤害。
095	免疫升华	关键词	奇术	附着者不能被施加升华；仍正常受到治疗。
096	首挡	关键词	进阶	每场第一次将受到的一个正数伤害包归零，只消耗一次。
097	不屈	关键词	进阶	每场首次应被伤害打倒时，改为留下1点生命，只消耗一次。
098	同调	关键词	进阶	每场首次成功获得一个状态时，选同队另一人获得同一状态，状态来源保留。
099	回击	关键词	进阶	每场首次实际受到伤害后，对该来源随从造成1点伤害。
100	回春	关键词	进阶	每场首次实际恢复生命后，同队当前生命最低的另一人再恢复1点。
